campaign,format,asset_type,path,width,height
01-lancement-tvf,instagram-post,jpg,marketing/social-visuals/instagram/post/jpg/01-lancement-tvf.jpg,1080,1080
01-lancement-tvf,instagram-post,svg,marketing/social-visuals/instagram/post/svg/01-lancement-tvf.svg,1080,1080
01-lancement-tvf,instagram-story,jpg,marketing/social-visuals/instagram/story/jpg/01-lancement-tvf.jpg,1080,1920
01-lancement-tvf,instagram-story,svg,marketing/social-visuals/instagram/story/svg/01-lancement-tvf.svg,1080,1920
01-lancement-tvf,instagram-reel-cover,jpg,marketing/social-visuals/instagram/reel-cover/jpg/01-lancement-tvf.jpg,1080,1920
01-lancement-tvf,instagram-reel-cover,svg,marketing/social-visuals/instagram/reel-cover/svg/01-lancement-tvf.svg,1080,1920
01-lancement-tvf,facebook-feed,jpg,marketing/social-visuals/facebook/feed/jpg/01-lancement-tvf.jpg,1200,630
01-lancement-tvf,facebook-feed,svg,marketing/social-visuals/facebook/feed/svg/01-lancement-tvf.svg,1200,630
01-lancement-tvf,linkedin-feed,jpg,marketing/social-visuals/linkedin/feed/jpg/01-lancement-tvf.jpg,1200,627
01-lancement-tvf,linkedin-feed,svg,marketing/social-visuals/linkedin/feed/svg/01-lancement-tvf.svg,1200,627
01-lancement-tvf,x-post,jpg,marketing/social-visuals/x/post/jpg/01-lancement-tvf.jpg,1600,900
01-lancement-tvf,x-post,svg,marketing/social-visuals/x/post/svg/01-lancement-tvf.svg,1600,900
01-lancement-tvf,tiktok-cover,jpg,marketing/social-visuals/tiktok/cover/jpg/01-lancement-tvf.jpg,1080,1920
01-lancement-tvf,tiktok-cover,svg,marketing/social-visuals/tiktok/cover/svg/01-lancement-tvf.svg,1080,1920
01-lancement-tvf,meta-ads-square,jpg,marketing/social-visuals/meta-ads/square/jpg/01-lancement-tvf.jpg,1080,1080
01-lancement-tvf,meta-ads-square,svg,marketing/social-visuals/meta-ads/square/svg/01-lancement-tvf.svg,1080,1080
01-lancement-tvf,meta-ads-story,jpg,marketing/social-visuals/meta-ads/story/jpg/01-lancement-tvf.jpg,1080,1920
01-lancement-tvf,meta-ads-story,svg,marketing/social-visuals/meta-ads/story/svg/01-lancement-tvf.svg,1080,1920
01-lancement-tvf,instagram-carousel,jpg,marketing/social-visuals/instagram/carousel/01-lancement-tvf/jpg/slide-01.jpg,1080,1080
01-lancement-tvf,instagram-carousel,svg,marketing/social-visuals/instagram/carousel/01-lancement-tvf/svg/slide-01.svg,1080,1080
01-lancement-tvf,instagram-carousel,jpg,marketing/social-visuals/instagram/carousel/01-lancement-tvf/jpg/slide-02.jpg,1080,1080
01-lancement-tvf,instagram-carousel,svg,marketing/social-visuals/instagram/carousel/01-lancement-tvf/svg/slide-02.svg,1080,1080
01-lancement-tvf,instagram-carousel,jpg,marketing/social-visuals/instagram/carousel/01-lancement-tvf/jpg/slide-03.jpg,1080,1080
01-lancement-tvf,instagram-carousel,svg,marketing/social-visuals/instagram/carousel/01-lancement-tvf/svg/slide-03.svg,1080,1080
02-saint-etienne-pilote,instagram-post,jpg,marketing/social-visuals/instagram/post/jpg/02-saint-etienne-pilote.jpg,1080,1080
02-saint-etienne-pilote,instagram-post,svg,marketing/social-visuals/instagram/post/svg/02-saint-etienne-pilote.svg,1080,1080
02-saint-etienne-pilote,instagram-story,jpg,marketing/social-visuals/instagram/story/jpg/02-saint-etienne-pilote.jpg,1080,1920
02-saint-etienne-pilote,instagram-story,svg,marketing/social-visuals/instagram/story/svg/02-saint-etienne-pilote.svg,1080,1920
02-saint-etienne-pilote,instagram-reel-cover,jpg,marketing/social-visuals/instagram/reel-cover/jpg/02-saint-etienne-pilote.jpg,1080,1920
02-saint-etienne-pilote,instagram-reel-cover,svg,marketing/social-visuals/instagram/reel-cover/svg/02-saint-etienne-pilote.svg,1080,1920
02-saint-etienne-pilote,facebook-feed,jpg,marketing/social-visuals/facebook/feed/jpg/02-saint-etienne-pilote.jpg,1200,630
02-saint-etienne-pilote,facebook-feed,svg,marketing/social-visuals/facebook/feed/svg/02-saint-etienne-pilote.svg,1200,630
02-saint-etienne-pilote,linkedin-feed,jpg,marketing/social-visuals/linkedin/feed/jpg/02-saint-etienne-pilote.jpg,1200,627
02-saint-etienne-pilote,linkedin-feed,svg,marketing/social-visuals/linkedin/feed/svg/02-saint-etienne-pilote.svg,1200,627
02-saint-etienne-pilote,x-post,jpg,marketing/social-visuals/x/post/jpg/02-saint-etienne-pilote.jpg,1600,900
02-saint-etienne-pilote,x-post,svg,marketing/social-visuals/x/post/svg/02-saint-etienne-pilote.svg,1600,900
02-saint-etienne-pilote,tiktok-cover,jpg,marketing/social-visuals/tiktok/cover/jpg/02-saint-etienne-pilote.jpg,1080,1920
02-saint-etienne-pilote,tiktok-cover,svg,marketing/social-visuals/tiktok/cover/svg/02-saint-etienne-pilote.svg,1080,1920
02-saint-etienne-pilote,meta-ads-square,jpg,marketing/social-visuals/meta-ads/square/jpg/02-saint-etienne-pilote.jpg,1080,1080
02-saint-etienne-pilote,meta-ads-square,svg,marketing/social-visuals/meta-ads/square/svg/02-saint-etienne-pilote.svg,1080,1080
02-saint-etienne-pilote,meta-ads-story,jpg,marketing/social-visuals/meta-ads/story/jpg/02-saint-etienne-pilote.jpg,1080,1920
02-saint-etienne-pilote,meta-ads-story,svg,marketing/social-visuals/meta-ads/story/svg/02-saint-etienne-pilote.svg,1080,1920
02-saint-etienne-pilote,instagram-carousel,jpg,marketing/social-visuals/instagram/carousel/02-saint-etienne-pilote/jpg/slide-01.jpg,1080,1080
02-saint-etienne-pilote,instagram-carousel,svg,marketing/social-visuals/instagram/carousel/02-saint-etienne-pilote/svg/slide-01.svg,1080,1080
02-saint-etienne-pilote,instagram-carousel,jpg,marketing/social-visuals/instagram/carousel/02-saint-etienne-pilote/jpg/slide-02.jpg,1080,1080
02-saint-etienne-pilote,instagram-carousel,svg,marketing/social-visuals/instagram/carousel/02-saint-etienne-pilote/svg/slide-02.svg,1080,1080
02-saint-etienne-pilote,instagram-carousel,jpg,marketing/social-visuals/instagram/carousel/02-saint-etienne-pilote/jpg/slide-03.jpg,1080,1080
02-saint-etienne-pilote,instagram-carousel,svg,marketing/social-visuals/instagram/carousel/02-saint-etienne-pilote/svg/slide-03.svg,1080,1080
03-signaler-lieu-vacant,instagram-post,jpg,marketing/social-visuals/instagram/post/jpg/03-signaler-lieu-vacant.jpg,1080,1080
03-signaler-lieu-vacant,instagram-post,svg,marketing/social-visuals/instagram/post/svg/03-signaler-lieu-vacant.svg,1080,1080
03-signaler-lieu-vacant,instagram-story,jpg,marketing/social-visuals/instagram/story/jpg/03-signaler-lieu-vacant.jpg,1080,1920
03-signaler-lieu-vacant,instagram-story,svg,marketing/social-visuals/instagram/story/svg/03-signaler-lieu-vacant.svg,1080,1920
03-signaler-lieu-vacant,instagram-reel-cover,jpg,marketing/social-visuals/instagram/reel-cover/jpg/03-signaler-lieu-vacant.jpg,1080,1920
03-signaler-lieu-vacant,instagram-reel-cover,svg,marketing/social-visuals/instagram/reel-cover/svg/03-signaler-lieu-vacant.svg,1080,1920
03-signaler-lieu-vacant,facebook-feed,jpg,marketing/social-visuals/facebook/feed/jpg/03-signaler-lieu-vacant.jpg,1200,630
03-signaler-lieu-vacant,facebook-feed,svg,marketing/social-visuals/facebook/feed/svg/03-signaler-lieu-vacant.svg,1200,630
03-signaler-lieu-vacant,linkedin-feed,jpg,marketing/social-visuals/linkedin/feed/jpg/03-signaler-lieu-vacant.jpg,1200,627
03-signaler-lieu-vacant,linkedin-feed,svg,marketing/social-visuals/linkedin/feed/svg/03-signaler-lieu-vacant.svg,1200,627
03-signaler-lieu-vacant,x-post,jpg,marketing/social-visuals/x/post/jpg/03-signaler-lieu-vacant.jpg,1600,900
03-signaler-lieu-vacant,x-post,svg,marketing/social-visuals/x/post/svg/03-signaler-lieu-vacant.svg,1600,900
03-signaler-lieu-vacant,tiktok-cover,jpg,marketing/social-visuals/tiktok/cover/jpg/03-signaler-lieu-vacant.jpg,1080,1920
03-signaler-lieu-vacant,tiktok-cover,svg,marketing/social-visuals/tiktok/cover/svg/03-signaler-lieu-vacant.svg,1080,1920
03-signaler-lieu-vacant,meta-ads-square,jpg,marketing/social-visuals/meta-ads/square/jpg/03-signaler-lieu-vacant.jpg,1080,1080
03-signaler-lieu-vacant,meta-ads-square,svg,marketing/social-visuals/meta-ads/square/svg/03-signaler-lieu-vacant.svg,1080,1080
03-signaler-lieu-vacant,meta-ads-story,jpg,marketing/social-visuals/meta-ads/story/jpg/03-signaler-lieu-vacant.jpg,1080,1920
03-signaler-lieu-vacant,meta-ads-story,svg,marketing/social-visuals/meta-ads/story/svg/03-signaler-lieu-vacant.svg,1080,1920
03-signaler-lieu-vacant,instagram-carousel,jpg,marketing/social-visuals/instagram/carousel/03-signaler-lieu-vacant/jpg/slide-01.jpg,1080,1080
03-signaler-lieu-vacant,instagram-carousel,svg,marketing/social-visuals/instagram/carousel/03-signaler-lieu-vacant/svg/slide-01.svg,1080,1080
03-signaler-lieu-vacant,instagram-carousel,jpg,marketing/social-visuals/instagram/carousel/03-signaler-lieu-vacant/jpg/slide-02.jpg,1080,1080
03-signaler-lieu-vacant,instagram-carousel,svg,marketing/social-visuals/instagram/carousel/03-signaler-lieu-vacant/svg/slide-02.svg,1080,1080
03-signaler-lieu-vacant,instagram-carousel,jpg,marketing/social-visuals/instagram/carousel/03-signaler-lieu-vacant/jpg/slide-03.jpg,1080,1080
03-signaler-lieu-vacant,instagram-carousel,svg,marketing/social-visuals/instagram/carousel/03-signaler-lieu-vacant/svg/slide-03.svg,1080,1080
04-proposer-un-bien,instagram-post,jpg,marketing/social-visuals/instagram/post/jpg/04-proposer-un-bien.jpg,1080,1080
04-proposer-un-bien,instagram-post,svg,marketing/social-visuals/instagram/post/svg/04-proposer-un-bien.svg,1080,1080
04-proposer-un-bien,instagram-story,jpg,marketing/social-visuals/instagram/story/jpg/04-proposer-un-bien.jpg,1080,1920
04-proposer-un-bien,instagram-story,svg,marketing/social-visuals/instagram/story/svg/04-proposer-un-bien.svg,1080,1920
04-proposer-un-bien,instagram-reel-cover,jpg,marketing/social-visuals/instagram/reel-cover/jpg/04-proposer-un-bien.jpg,1080,1920
04-proposer-un-bien,instagram-reel-cover,svg,marketing/social-visuals/instagram/reel-cover/svg/04-proposer-un-bien.svg,1080,1920
04-proposer-un-bien,facebook-feed,jpg,marketing/social-visuals/facebook/feed/jpg/04-proposer-un-bien.jpg,1200,630
04-proposer-un-bien,facebook-feed,svg,marketing/social-visuals/facebook/feed/svg/04-proposer-un-bien.svg,1200,630
04-proposer-un-bien,linkedin-feed,jpg,marketing/social-visuals/linkedin/feed/jpg/04-proposer-un-bien.jpg,1200,627
04-proposer-un-bien,linkedin-feed,svg,marketing/social-visuals/linkedin/feed/svg/04-proposer-un-bien.svg,1200,627
04-proposer-un-bien,x-post,jpg,marketing/social-visuals/x/post/jpg/04-proposer-un-bien.jpg,1600,900
04-proposer-un-bien,x-post,svg,marketing/social-visuals/x/post/svg/04-proposer-un-bien.svg,1600,900
04-proposer-un-bien,tiktok-cover,jpg,marketing/social-visuals/tiktok/cover/jpg/04-proposer-un-bien.jpg,1080,1920
04-proposer-un-bien,tiktok-cover,svg,marketing/social-visuals/tiktok/cover/svg/04-proposer-un-bien.svg,1080,1920
04-proposer-un-bien,meta-ads-square,jpg,marketing/social-visuals/meta-ads/square/jpg/04-proposer-un-bien.jpg,1080,1080
04-proposer-un-bien,meta-ads-square,svg,marketing/social-visuals/meta-ads/square/svg/04-proposer-un-bien.svg,1080,1080
04-proposer-un-bien,meta-ads-story,jpg,marketing/social-visuals/meta-ads/story/jpg/04-proposer-un-bien.jpg,1080,1920
04-proposer-un-bien,meta-ads-story,svg,marketing/social-visuals/meta-ads/story/svg/04-proposer-un-bien.svg,1080,1920
04-proposer-un-bien,instagram-carousel,jpg,marketing/social-visuals/instagram/carousel/04-proposer-un-bien/jpg/slide-01.jpg,1080,1080
04-proposer-un-bien,instagram-carousel,svg,marketing/social-visuals/instagram/carousel/04-proposer-un-bien/svg/slide-01.svg,1080,1080
04-proposer-un-bien,instagram-carousel,jpg,marketing/social-visuals/instagram/carousel/04-proposer-un-bien/jpg/slide-02.jpg,1080,1080
04-proposer-un-bien,instagram-carousel,svg,marketing/social-visuals/instagram/carousel/04-proposer-un-bien/svg/slide-02.svg,1080,1080
04-proposer-un-bien,instagram-carousel,jpg,marketing/social-visuals/instagram/carousel/04-proposer-un-bien/jpg/slide-03.jpg,1080,1080
04-proposer-un-bien,instagram-carousel,svg,marketing/social-visuals/instagram/carousel/04-proposer-un-bien/svg/slide-03.svg,1080,1080
05-banque-materiaux,instagram-post,jpg,marketing/social-visuals/instagram/post/jpg/05-banque-materiaux.jpg,1080,1080
05-banque-materiaux,instagram-post,svg,marketing/social-visuals/instagram/post/svg/05-banque-materiaux.svg,1080,1080
05-banque-materiaux,instagram-story,jpg,marketing/social-visuals/instagram/story/jpg/05-banque-materiaux.jpg,1080,1920
05-banque-materiaux,instagram-story,svg,marketing/social-visuals/instagram/story/svg/05-banque-materiaux.svg,1080,1920
05-banque-materiaux,instagram-reel-cover,jpg,marketing/social-visuals/instagram/reel-cover/jpg/05-banque-materiaux.jpg,1080,1920
05-banque-materiaux,instagram-reel-cover,svg,marketing/social-visuals/instagram/reel-cover/svg/05-banque-materiaux.svg,1080,1920
05-banque-materiaux,facebook-feed,jpg,marketing/social-visuals/facebook/feed/jpg/05-banque-materiaux.jpg,1200,630
05-banque-materiaux,facebook-feed,svg,marketing/social-visuals/facebook/feed/svg/05-banque-materiaux.svg,1200,630
05-banque-materiaux,linkedin-feed,jpg,marketing/social-visuals/linkedin/feed/jpg/05-banque-materiaux.jpg,1200,627
05-banque-materiaux,linkedin-feed,svg,marketing/social-visuals/linkedin/feed/svg/05-banque-materiaux.svg,1200,627
05-banque-materiaux,x-post,jpg,marketing/social-visuals/x/post/jpg/05-banque-materiaux.jpg,1600,900
05-banque-materiaux,x-post,svg,marketing/social-visuals/x/post/svg/05-banque-materiaux.svg,1600,900
05-banque-materiaux,tiktok-cover,jpg,marketing/social-visuals/tiktok/cover/jpg/05-banque-materiaux.jpg,1080,1920
05-banque-materiaux,tiktok-cover,svg,marketing/social-visuals/tiktok/cover/svg/05-banque-materiaux.svg,1080,1920
05-banque-materiaux,meta-ads-square,jpg,marketing/social-visuals/meta-ads/square/jpg/05-banque-materiaux.jpg,1080,1080
05-banque-materiaux,meta-ads-square,svg,marketing/social-visuals/meta-ads/square/svg/05-banque-materiaux.svg,1080,1080
05-banque-materiaux,meta-ads-story,jpg,marketing/social-visuals/meta-ads/story/jpg/05-banque-materiaux.jpg,1080,1920
05-banque-materiaux,meta-ads-story,svg,marketing/social-visuals/meta-ads/story/svg/05-banque-materiaux.svg,1080,1920
05-banque-materiaux,instagram-carousel,jpg,marketing/social-visuals/instagram/carousel/05-banque-materiaux/jpg/slide-01.jpg,1080,1080
05-banque-materiaux,instagram-carousel,svg,marketing/social-visuals/instagram/carousel/05-banque-materiaux/svg/slide-01.svg,1080,1080
05-banque-materiaux,instagram-carousel,jpg,marketing/social-visuals/instagram/carousel/05-banque-materiaux/jpg/slide-02.jpg,1080,1080
05-banque-materiaux,instagram-carousel,svg,marketing/social-visuals/instagram/carousel/05-banque-materiaux/svg/slide-02.svg,1080,1080
05-banque-materiaux,instagram-carousel,jpg,marketing/social-visuals/instagram/carousel/05-banque-materiaux/jpg/slide-03.jpg,1080,1080
05-banque-materiaux,instagram-carousel,svg,marketing/social-visuals/instagram/carousel/05-banque-materiaux/svg/slide-03.svg,1080,1080
06-collectivites,instagram-post,jpg,marketing/social-visuals/instagram/post/jpg/06-collectivites.jpg,1080,1080
06-collectivites,instagram-post,svg,marketing/social-visuals/instagram/post/svg/06-collectivites.svg,1080,1080
06-collectivites,instagram-story,jpg,marketing/social-visuals/instagram/story/jpg/06-collectivites.jpg,1080,1920
06-collectivites,instagram-story,svg,marketing/social-visuals/instagram/story/svg/06-collectivites.svg,1080,1920
06-collectivites,instagram-reel-cover,jpg,marketing/social-visuals/instagram/reel-cover/jpg/06-collectivites.jpg,1080,1920
06-collectivites,instagram-reel-cover,svg,marketing/social-visuals/instagram/reel-cover/svg/06-collectivites.svg,1080,1920
06-collectivites,facebook-feed,jpg,marketing/social-visuals/facebook/feed/jpg/06-collectivites.jpg,1200,630
06-collectivites,facebook-feed,svg,marketing/social-visuals/facebook/feed/svg/06-collectivites.svg,1200,630
06-collectivites,linkedin-feed,jpg,marketing/social-visuals/linkedin/feed/jpg/06-collectivites.jpg,1200,627
06-collectivites,linkedin-feed,svg,marketing/social-visuals/linkedin/feed/svg/06-collectivites.svg,1200,627
06-collectivites,x-post,jpg,marketing/social-visuals/x/post/jpg/06-collectivites.jpg,1600,900
06-collectivites,x-post,svg,marketing/social-visuals/x/post/svg/06-collectivites.svg,1600,900
06-collectivites,tiktok-cover,jpg,marketing/social-visuals/tiktok/cover/jpg/06-collectivites.jpg,1080,1920
06-collectivites,tiktok-cover,svg,marketing/social-visuals/tiktok/cover/svg/06-collectivites.svg,1080,1920
06-collectivites,meta-ads-square,jpg,marketing/social-visuals/meta-ads/square/jpg/06-collectivites.jpg,1080,1080
06-collectivites,meta-ads-square,svg,marketing/social-visuals/meta-ads/square/svg/06-collectivites.svg,1080,1080
06-collectivites,meta-ads-story,jpg,marketing/social-visuals/meta-ads/story/jpg/06-collectivites.jpg,1080,1920
06-collectivites,meta-ads-story,svg,marketing/social-visuals/meta-ads/story/svg/06-collectivites.svg,1080,1920
06-collectivites,instagram-carousel,jpg,marketing/social-visuals/instagram/carousel/06-collectivites/jpg/slide-01.jpg,1080,1080
06-collectivites,instagram-carousel,svg,marketing/social-visuals/instagram/carousel/06-collectivites/svg/slide-01.svg,1080,1080
06-collectivites,instagram-carousel,jpg,marketing/social-visuals/instagram/carousel/06-collectivites/jpg/slide-02.jpg,1080,1080
06-collectivites,instagram-carousel,svg,marketing/social-visuals/instagram/carousel/06-collectivites/svg/slide-02.svg,1080,1080
06-collectivites,instagram-carousel,jpg,marketing/social-visuals/instagram/carousel/06-collectivites/jpg/slide-03.jpg,1080,1080
06-collectivites,instagram-carousel,svg,marketing/social-visuals/instagram/carousel/06-collectivites/svg/slide-03.svg,1080,1080
07-entreprises-engagees,instagram-post,jpg,marketing/social-visuals/instagram/post/jpg/07-entreprises-engagees.jpg,1080,1080
07-entreprises-engagees,instagram-post,svg,marketing/social-visuals/instagram/post/svg/07-entreprises-engagees.svg,1080,1080
07-entreprises-engagees,instagram-story,jpg,marketing/social-visuals/instagram/story/jpg/07-entreprises-engagees.jpg,1080,1920
07-entreprises-engagees,instagram-story,svg,marketing/social-visuals/instagram/story/svg/07-entreprises-engagees.svg,1080,1920
07-entreprises-engagees,instagram-reel-cover,jpg,marketing/social-visuals/instagram/reel-cover/jpg/07-entreprises-engagees.jpg,1080,1920
07-entreprises-engagees,instagram-reel-cover,svg,marketing/social-visuals/instagram/reel-cover/svg/07-entreprises-engagees.svg,1080,1920
07-entreprises-engagees,facebook-feed,jpg,marketing/social-visuals/facebook/feed/jpg/07-entreprises-engagees.jpg,1200,630
07-entreprises-engagees,facebook-feed,svg,marketing/social-visuals/facebook/feed/svg/07-entreprises-engagees.svg,1200,630
07-entreprises-engagees,linkedin-feed,jpg,marketing/social-visuals/linkedin/feed/jpg/07-entreprises-engagees.jpg,1200,627
07-entreprises-engagees,linkedin-feed,svg,marketing/social-visuals/linkedin/feed/svg/07-entreprises-engagees.svg,1200,627
07-entreprises-engagees,x-post,jpg,marketing/social-visuals/x/post/jpg/07-entreprises-engagees.jpg,1600,900
07-entreprises-engagees,x-post,svg,marketing/social-visuals/x/post/svg/07-entreprises-engagees.svg,1600,900
07-entreprises-engagees,tiktok-cover,jpg,marketing/social-visuals/tiktok/cover/jpg/07-entreprises-engagees.jpg,1080,1920
07-entreprises-engagees,tiktok-cover,svg,marketing/social-visuals/tiktok/cover/svg/07-entreprises-engagees.svg,1080,1920
07-entreprises-engagees,meta-ads-square,jpg,marketing/social-visuals/meta-ads/square/jpg/07-entreprises-engagees.jpg,1080,1080
07-entreprises-engagees,meta-ads-square,svg,marketing/social-visuals/meta-ads/square/svg/07-entreprises-engagees.svg,1080,1080
07-entreprises-engagees,meta-ads-story,jpg,marketing/social-visuals/meta-ads/story/jpg/07-entreprises-engagees.jpg,1080,1920
07-entreprises-engagees,meta-ads-story,svg,marketing/social-visuals/meta-ads/story/svg/07-entreprises-engagees.svg,1080,1920
07-entreprises-engagees,instagram-carousel,jpg,marketing/social-visuals/instagram/carousel/07-entreprises-engagees/jpg/slide-01.jpg,1080,1080
07-entreprises-engagees,instagram-carousel,svg,marketing/social-visuals/instagram/carousel/07-entreprises-engagees/svg/slide-01.svg,1080,1080
07-entreprises-engagees,instagram-carousel,jpg,marketing/social-visuals/instagram/carousel/07-entreprises-engagees/jpg/slide-02.jpg,1080,1080
07-entreprises-engagees,instagram-carousel,svg,marketing/social-visuals/instagram/carousel/07-entreprises-engagees/svg/slide-02.svg,1080,1080
07-entreprises-engagees,instagram-carousel,jpg,marketing/social-visuals/instagram/carousel/07-entreprises-engagees/jpg/slide-03.jpg,1080,1080
07-entreprises-engagees,instagram-carousel,svg,marketing/social-visuals/instagram/carousel/07-entreprises-engagees/svg/slide-03.svg,1080,1080
08-devenir-benevole,instagram-post,jpg,marketing/social-visuals/instagram/post/jpg/08-devenir-benevole.jpg,1080,1080
08-devenir-benevole,instagram-post,svg,marketing/social-visuals/instagram/post/svg/08-devenir-benevole.svg,1080,1080
08-devenir-benevole,instagram-story,jpg,marketing/social-visuals/instagram/story/jpg/08-devenir-benevole.jpg,1080,1920
08-devenir-benevole,instagram-story,svg,marketing/social-visuals/instagram/story/svg/08-devenir-benevole.svg,1080,1920
08-devenir-benevole,instagram-reel-cover,jpg,marketing/social-visuals/instagram/reel-cover/jpg/08-devenir-benevole.jpg,1080,1920
08-devenir-benevole,instagram-reel-cover,svg,marketing/social-visuals/instagram/reel-cover/svg/08-devenir-benevole.svg,1080,1920
08-devenir-benevole,facebook-feed,jpg,marketing/social-visuals/facebook/feed/jpg/08-devenir-benevole.jpg,1200,630
08-devenir-benevole,facebook-feed,svg,marketing/social-visuals/facebook/feed/svg/08-devenir-benevole.svg,1200,630
08-devenir-benevole,linkedin-feed,jpg,marketing/social-visuals/linkedin/feed/jpg/08-devenir-benevole.jpg,1200,627
08-devenir-benevole,linkedin-feed,svg,marketing/social-visuals/linkedin/feed/svg/08-devenir-benevole.svg,1200,627
08-devenir-benevole,x-post,jpg,marketing/social-visuals/x/post/jpg/08-devenir-benevole.jpg,1600,900
08-devenir-benevole,x-post,svg,marketing/social-visuals/x/post/svg/08-devenir-benevole.svg,1600,900
08-devenir-benevole,tiktok-cover,jpg,marketing/social-visuals/tiktok/cover/jpg/08-devenir-benevole.jpg,1080,1920
08-devenir-benevole,tiktok-cover,svg,marketing/social-visuals/tiktok/cover/svg/08-devenir-benevole.svg,1080,1920
08-devenir-benevole,meta-ads-square,jpg,marketing/social-visuals/meta-ads/square/jpg/08-devenir-benevole.jpg,1080,1080
08-devenir-benevole,meta-ads-square,svg,marketing/social-visuals/meta-ads/square/svg/08-devenir-benevole.svg,1080,1080
08-devenir-benevole,meta-ads-story,jpg,marketing/social-visuals/meta-ads/story/jpg/08-devenir-benevole.jpg,1080,1920
08-devenir-benevole,meta-ads-story,svg,marketing/social-visuals/meta-ads/story/svg/08-devenir-benevole.svg,1080,1920
08-devenir-benevole,instagram-carousel,jpg,marketing/social-visuals/instagram/carousel/08-devenir-benevole/jpg/slide-01.jpg,1080,1080
08-devenir-benevole,instagram-carousel,svg,marketing/social-visuals/instagram/carousel/08-devenir-benevole/svg/slide-01.svg,1080,1080
08-devenir-benevole,instagram-carousel,jpg,marketing/social-visuals/instagram/carousel/08-devenir-benevole/jpg/slide-02.jpg,1080,1080
08-devenir-benevole,instagram-carousel,svg,marketing/social-visuals/instagram/carousel/08-devenir-benevole/svg/slide-02.svg,1080,1080
08-devenir-benevole,instagram-carousel,jpg,marketing/social-visuals/instagram/carousel/08-devenir-benevole/jpg/slide-03.jpg,1080,1080
08-devenir-benevole,instagram-carousel,svg,marketing/social-visuals/instagram/carousel/08-devenir-benevole/svg/slide-03.svg,1080,1080
09-habitat-vivant,instagram-post,jpg,marketing/social-visuals/instagram/post/jpg/09-habitat-vivant.jpg,1080,1080
09-habitat-vivant,instagram-post,svg,marketing/social-visuals/instagram/post/svg/09-habitat-vivant.svg,1080,1080
09-habitat-vivant,instagram-story,jpg,marketing/social-visuals/instagram/story/jpg/09-habitat-vivant.jpg,1080,1920
09-habitat-vivant,instagram-story,svg,marketing/social-visuals/instagram/story/svg/09-habitat-vivant.svg,1080,1920
09-habitat-vivant,instagram-reel-cover,jpg,marketing/social-visuals/instagram/reel-cover/jpg/09-habitat-vivant.jpg,1080,1920
09-habitat-vivant,instagram-reel-cover,svg,marketing/social-visuals/instagram/reel-cover/svg/09-habitat-vivant.svg,1080,1920
09-habitat-vivant,facebook-feed,jpg,marketing/social-visuals/facebook/feed/jpg/09-habitat-vivant.jpg,1200,630
09-habitat-vivant,facebook-feed,svg,marketing/social-visuals/facebook/feed/svg/09-habitat-vivant.svg,1200,630
09-habitat-vivant,linkedin-feed,jpg,marketing/social-visuals/linkedin/feed/jpg/09-habitat-vivant.jpg,1200,627
09-habitat-vivant,linkedin-feed,svg,marketing/social-visuals/linkedin/feed/svg/09-habitat-vivant.svg,1200,627
09-habitat-vivant,x-post,jpg,marketing/social-visuals/x/post/jpg/09-habitat-vivant.jpg,1600,900
09-habitat-vivant,x-post,svg,marketing/social-visuals/x/post/svg/09-habitat-vivant.svg,1600,900
09-habitat-vivant,tiktok-cover,jpg,marketing/social-visuals/tiktok/cover/jpg/09-habitat-vivant.jpg,1080,1920
09-habitat-vivant,tiktok-cover,svg,marketing/social-visuals/tiktok/cover/svg/09-habitat-vivant.svg,1080,1920
09-habitat-vivant,meta-ads-square,jpg,marketing/social-visuals/meta-ads/square/jpg/09-habitat-vivant.jpg,1080,1080
09-habitat-vivant,meta-ads-square,svg,marketing/social-visuals/meta-ads/square/svg/09-habitat-vivant.svg,1080,1080
09-habitat-vivant,meta-ads-story,jpg,marketing/social-visuals/meta-ads/story/jpg/09-habitat-vivant.jpg,1080,1920
09-habitat-vivant,meta-ads-story,svg,marketing/social-visuals/meta-ads/story/svg/09-habitat-vivant.svg,1080,1920
09-habitat-vivant,instagram-carousel,jpg,marketing/social-visuals/instagram/carousel/09-habitat-vivant/jpg/slide-01.jpg,1080,1080
09-habitat-vivant,instagram-carousel,svg,marketing/social-visuals/instagram/carousel/09-habitat-vivant/svg/slide-01.svg,1080,1080
09-habitat-vivant,instagram-carousel,jpg,marketing/social-visuals/instagram/carousel/09-habitat-vivant/jpg/slide-02.jpg,1080,1080
09-habitat-vivant,instagram-carousel,svg,marketing/social-visuals/instagram/carousel/09-habitat-vivant/svg/slide-02.svg,1080,1080
09-habitat-vivant,instagram-carousel,jpg,marketing/social-visuals/instagram/carousel/09-habitat-vivant/jpg/slide-03.jpg,1080,1080
09-habitat-vivant,instagram-carousel,svg,marketing/social-visuals/instagram/carousel/09-habitat-vivant/svg/slide-03.svg,1080,1080
10-commerce-vivant,instagram-post,jpg,marketing/social-visuals/instagram/post/jpg/10-commerce-vivant.jpg,1080,1080
10-commerce-vivant,instagram-post,svg,marketing/social-visuals/instagram/post/svg/10-commerce-vivant.svg,1080,1080
10-commerce-vivant,instagram-story,jpg,marketing/social-visuals/instagram/story/jpg/10-commerce-vivant.jpg,1080,1920
10-commerce-vivant,instagram-story,svg,marketing/social-visuals/instagram/story/svg/10-commerce-vivant.svg,1080,1920
10-commerce-vivant,instagram-reel-cover,jpg,marketing/social-visuals/instagram/reel-cover/jpg/10-commerce-vivant.jpg,1080,1920
10-commerce-vivant,instagram-reel-cover,svg,marketing/social-visuals/instagram/reel-cover/svg/10-commerce-vivant.svg,1080,1920
10-commerce-vivant,facebook-feed,jpg,marketing/social-visuals/facebook/feed/jpg/10-commerce-vivant.jpg,1200,630
10-commerce-vivant,facebook-feed,svg,marketing/social-visuals/facebook/feed/svg/10-commerce-vivant.svg,1200,630
10-commerce-vivant,linkedin-feed,jpg,marketing/social-visuals/linkedin/feed/jpg/10-commerce-vivant.jpg,1200,627
10-commerce-vivant,linkedin-feed,svg,marketing/social-visuals/linkedin/feed/svg/10-commerce-vivant.svg,1200,627
10-commerce-vivant,x-post,jpg,marketing/social-visuals/x/post/jpg/10-commerce-vivant.jpg,1600,900
10-commerce-vivant,x-post,svg,marketing/social-visuals/x/post/svg/10-commerce-vivant.svg,1600,900
10-commerce-vivant,tiktok-cover,jpg,marketing/social-visuals/tiktok/cover/jpg/10-commerce-vivant.jpg,1080,1920
10-commerce-vivant,tiktok-cover,svg,marketing/social-visuals/tiktok/cover/svg/10-commerce-vivant.svg,1080,1920
10-commerce-vivant,meta-ads-square,jpg,marketing/social-visuals/meta-ads/square/jpg/10-commerce-vivant.jpg,1080,1080
10-commerce-vivant,meta-ads-square,svg,marketing/social-visuals/meta-ads/square/svg/10-commerce-vivant.svg,1080,1080
10-commerce-vivant,meta-ads-story,jpg,marketing/social-visuals/meta-ads/story/jpg/10-commerce-vivant.jpg,1080,1920
10-commerce-vivant,meta-ads-story,svg,marketing/social-visuals/meta-ads/story/svg/10-commerce-vivant.svg,1080,1920
10-commerce-vivant,instagram-carousel,jpg,marketing/social-visuals/instagram/carousel/10-commerce-vivant/jpg/slide-01.jpg,1080,1080
10-commerce-vivant,instagram-carousel,svg,marketing/social-visuals/instagram/carousel/10-commerce-vivant/svg/slide-01.svg,1080,1080
10-commerce-vivant,instagram-carousel,jpg,marketing/social-visuals/instagram/carousel/10-commerce-vivant/jpg/slide-02.jpg,1080,1080
10-commerce-vivant,instagram-carousel,svg,marketing/social-visuals/instagram/carousel/10-commerce-vivant/svg/slide-02.svg,1080,1080
10-commerce-vivant,instagram-carousel,jpg,marketing/social-visuals/instagram/carousel/10-commerce-vivant/jpg/slide-03.jpg,1080,1080
10-commerce-vivant,instagram-carousel,svg,marketing/social-visuals/instagram/carousel/10-commerce-vivant/svg/slide-03.svg,1080,1080
11-friches-vivantes,instagram-post,jpg,marketing/social-visuals/instagram/post/jpg/11-friches-vivantes.jpg,1080,1080
11-friches-vivantes,instagram-post,svg,marketing/social-visuals/instagram/post/svg/11-friches-vivantes.svg,1080,1080
11-friches-vivantes,instagram-story,jpg,marketing/social-visuals/instagram/story/jpg/11-friches-vivantes.jpg,1080,1920
11-friches-vivantes,instagram-story,svg,marketing/social-visuals/instagram/story/svg/11-friches-vivantes.svg,1080,1920
11-friches-vivantes,instagram-reel-cover,jpg,marketing/social-visuals/instagram/reel-cover/jpg/11-friches-vivantes.jpg,1080,1920
11-friches-vivantes,instagram-reel-cover,svg,marketing/social-visuals/instagram/reel-cover/svg/11-friches-vivantes.svg,1080,1920
11-friches-vivantes,facebook-feed,jpg,marketing/social-visuals/facebook/feed/jpg/11-friches-vivantes.jpg,1200,630
11-friches-vivantes,facebook-feed,svg,marketing/social-visuals/facebook/feed/svg/11-friches-vivantes.svg,1200,630
11-friches-vivantes,linkedin-feed,jpg,marketing/social-visuals/linkedin/feed/jpg/11-friches-vivantes.jpg,1200,627
11-friches-vivantes,linkedin-feed,svg,marketing/social-visuals/linkedin/feed/svg/11-friches-vivantes.svg,1200,627
11-friches-vivantes,x-post,jpg,marketing/social-visuals/x/post/jpg/11-friches-vivantes.jpg,1600,900
11-friches-vivantes,x-post,svg,marketing/social-visuals/x/post/svg/11-friches-vivantes.svg,1600,900
11-friches-vivantes,tiktok-cover,jpg,marketing/social-visuals/tiktok/cover/jpg/11-friches-vivantes.jpg,1080,1920
11-friches-vivantes,tiktok-cover,svg,marketing/social-visuals/tiktok/cover/svg/11-friches-vivantes.svg,1080,1920
11-friches-vivantes,meta-ads-square,jpg,marketing/social-visuals/meta-ads/square/jpg/11-friches-vivantes.jpg,1080,1080
11-friches-vivantes,meta-ads-square,svg,marketing/social-visuals/meta-ads/square/svg/11-friches-vivantes.svg,1080,1080
11-friches-vivantes,meta-ads-story,jpg,marketing/social-visuals/meta-ads/story/jpg/11-friches-vivantes.jpg,1080,1920
11-friches-vivantes,meta-ads-story,svg,marketing/social-visuals/meta-ads/story/svg/11-friches-vivantes.svg,1080,1920
11-friches-vivantes,instagram-carousel,jpg,marketing/social-visuals/instagram/carousel/11-friches-vivantes/jpg/slide-01.jpg,1080,1080
11-friches-vivantes,instagram-carousel,svg,marketing/social-visuals/instagram/carousel/11-friches-vivantes/svg/slide-01.svg,1080,1080
11-friches-vivantes,instagram-carousel,jpg,marketing/social-visuals/instagram/carousel/11-friches-vivantes/jpg/slide-02.jpg,1080,1080
11-friches-vivantes,instagram-carousel,svg,marketing/social-visuals/instagram/carousel/11-friches-vivantes/svg/slide-02.svg,1080,1080
11-friches-vivantes,instagram-carousel,jpg,marketing/social-visuals/instagram/carousel/11-friches-vivantes/jpg/slide-03.jpg,1080,1080
11-friches-vivantes,instagram-carousel,svg,marketing/social-visuals/instagram/carousel/11-friches-vivantes/svg/slide-03.svg,1080,1080
12-jardins-partages,instagram-post,jpg,marketing/social-visuals/instagram/post/jpg/12-jardins-partages.jpg,1080,1080
12-jardins-partages,instagram-post,svg,marketing/social-visuals/instagram/post/svg/12-jardins-partages.svg,1080,1080
12-jardins-partages,instagram-story,jpg,marketing/social-visuals/instagram/story/jpg/12-jardins-partages.jpg,1080,1920
12-jardins-partages,instagram-story,svg,marketing/social-visuals/instagram/story/svg/12-jardins-partages.svg,1080,1920
12-jardins-partages,instagram-reel-cover,jpg,marketing/social-visuals/instagram/reel-cover/jpg/12-jardins-partages.jpg,1080,1920
12-jardins-partages,instagram-reel-cover,svg,marketing/social-visuals/instagram/reel-cover/svg/12-jardins-partages.svg,1080,1920
12-jardins-partages,facebook-feed,jpg,marketing/social-visuals/facebook/feed/jpg/12-jardins-partages.jpg,1200,630
12-jardins-partages,facebook-feed,svg,marketing/social-visuals/facebook/feed/svg/12-jardins-partages.svg,1200,630
12-jardins-partages,linkedin-feed,jpg,marketing/social-visuals/linkedin/feed/jpg/12-jardins-partages.jpg,1200,627
12-jardins-partages,linkedin-feed,svg,marketing/social-visuals/linkedin/feed/svg/12-jardins-partages.svg,1200,627
12-jardins-partages,x-post,jpg,marketing/social-visuals/x/post/jpg/12-jardins-partages.jpg,1600,900
12-jardins-partages,x-post,svg,marketing/social-visuals/x/post/svg/12-jardins-partages.svg,1600,900
12-jardins-partages,tiktok-cover,jpg,marketing/social-visuals/tiktok/cover/jpg/12-jardins-partages.jpg,1080,1920
12-jardins-partages,tiktok-cover,svg,marketing/social-visuals/tiktok/cover/svg/12-jardins-partages.svg,1080,1920
12-jardins-partages,meta-ads-square,jpg,marketing/social-visuals/meta-ads/square/jpg/12-jardins-partages.jpg,1080,1080
12-jardins-partages,meta-ads-square,svg,marketing/social-visuals/meta-ads/square/svg/12-jardins-partages.svg,1080,1080
12-jardins-partages,meta-ads-story,jpg,marketing/social-visuals/meta-ads/story/jpg/12-jardins-partages.jpg,1080,1920
12-jardins-partages,meta-ads-story,svg,marketing/social-visuals/meta-ads/story/svg/12-jardins-partages.svg,1080,1920
12-jardins-partages,instagram-carousel,jpg,marketing/social-visuals/instagram/carousel/12-jardins-partages/jpg/slide-01.jpg,1080,1080
12-jardins-partages,instagram-carousel,svg,marketing/social-visuals/instagram/carousel/12-jardins-partages/svg/slide-01.svg,1080,1080
12-jardins-partages,instagram-carousel,jpg,marketing/social-visuals/instagram/carousel/12-jardins-partages/jpg/slide-02.jpg,1080,1080
12-jardins-partages,instagram-carousel,svg,marketing/social-visuals/instagram/carousel/12-jardins-partages/svg/slide-02.svg,1080,1080
12-jardins-partages,instagram-carousel,jpg,marketing/social-visuals/instagram/carousel/12-jardins-partages/jpg/slide-03.jpg,1080,1080
12-jardins-partages,instagram-carousel,svg,marketing/social-visuals/instagram/carousel/12-jardins-partages/svg/slide-03.svg,1080,1080
13-solidarite-insertion,instagram-post,jpg,marketing/social-visuals/instagram/post/jpg/13-solidarite-insertion.jpg,1080,1080
13-solidarite-insertion,instagram-post,svg,marketing/social-visuals/instagram/post/svg/13-solidarite-insertion.svg,1080,1080
13-solidarite-insertion,instagram-story,jpg,marketing/social-visuals/instagram/story/jpg/13-solidarite-insertion.jpg,1080,1920
13-solidarite-insertion,instagram-story,svg,marketing/social-visuals/instagram/story/svg/13-solidarite-insertion.svg,1080,1920
13-solidarite-insertion,instagram-reel-cover,jpg,marketing/social-visuals/instagram/reel-cover/jpg/13-solidarite-insertion.jpg,1080,1920
13-solidarite-insertion,instagram-reel-cover,svg,marketing/social-visuals/instagram/reel-cover/svg/13-solidarite-insertion.svg,1080,1920
13-solidarite-insertion,facebook-feed,jpg,marketing/social-visuals/facebook/feed/jpg/13-solidarite-insertion.jpg,1200,630
13-solidarite-insertion,facebook-feed,svg,marketing/social-visuals/facebook/feed/svg/13-solidarite-insertion.svg,1200,630
13-solidarite-insertion,linkedin-feed,jpg,marketing/social-visuals/linkedin/feed/jpg/13-solidarite-insertion.jpg,1200,627
13-solidarite-insertion,linkedin-feed,svg,marketing/social-visuals/linkedin/feed/svg/13-solidarite-insertion.svg,1200,627
13-solidarite-insertion,x-post,jpg,marketing/social-visuals/x/post/jpg/13-solidarite-insertion.jpg,1600,900
13-solidarite-insertion,x-post,svg,marketing/social-visuals/x/post/svg/13-solidarite-insertion.svg,1600,900
13-solidarite-insertion,tiktok-cover,jpg,marketing/social-visuals/tiktok/cover/jpg/13-solidarite-insertion.jpg,1080,1920
13-solidarite-insertion,tiktok-cover,svg,marketing/social-visuals/tiktok/cover/svg/13-solidarite-insertion.svg,1080,1920
13-solidarite-insertion,meta-ads-square,jpg,marketing/social-visuals/meta-ads/square/jpg/13-solidarite-insertion.jpg,1080,1080
13-solidarite-insertion,meta-ads-square,svg,marketing/social-visuals/meta-ads/square/svg/13-solidarite-insertion.svg,1080,1080
13-solidarite-insertion,meta-ads-story,jpg,marketing/social-visuals/meta-ads/story/jpg/13-solidarite-insertion.jpg,1080,1920
13-solidarite-insertion,meta-ads-story,svg,marketing/social-visuals/meta-ads/story/svg/13-solidarite-insertion.svg,1080,1920
13-solidarite-insertion,instagram-carousel,jpg,marketing/social-visuals/instagram/carousel/13-solidarite-insertion/jpg/slide-01.jpg,1080,1080
13-solidarite-insertion,instagram-carousel,svg,marketing/social-visuals/instagram/carousel/13-solidarite-insertion/svg/slide-01.svg,1080,1080
13-solidarite-insertion,instagram-carousel,jpg,marketing/social-visuals/instagram/carousel/13-solidarite-insertion/jpg/slide-02.jpg,1080,1080
13-solidarite-insertion,instagram-carousel,svg,marketing/social-visuals/instagram/carousel/13-solidarite-insertion/svg/slide-02.svg,1080,1080
13-solidarite-insertion,instagram-carousel,jpg,marketing/social-visuals/instagram/carousel/13-solidarite-insertion/jpg/slide-03.jpg,1080,1080
13-solidarite-insertion,instagram-carousel,svg,marketing/social-visuals/instagram/carousel/13-solidarite-insertion/svg/slide-03.svg,1080,1080
14-observatoire,instagram-post,jpg,marketing/social-visuals/instagram/post/jpg/14-observatoire.jpg,1080,1080
14-observatoire,instagram-post,svg,marketing/social-visuals/instagram/post/svg/14-observatoire.svg,1080,1080
14-observatoire,instagram-story,jpg,marketing/social-visuals/instagram/story/jpg/14-observatoire.jpg,1080,1920
14-observatoire,instagram-story,svg,marketing/social-visuals/instagram/story/svg/14-observatoire.svg,1080,1920
14-observatoire,instagram-reel-cover,jpg,marketing/social-visuals/instagram/reel-cover/jpg/14-observatoire.jpg,1080,1920
14-observatoire,instagram-reel-cover,svg,marketing/social-visuals/instagram/reel-cover/svg/14-observatoire.svg,1080,1920
14-observatoire,facebook-feed,jpg,marketing/social-visuals/facebook/feed/jpg/14-observatoire.jpg,1200,630
14-observatoire,facebook-feed,svg,marketing/social-visuals/facebook/feed/svg/14-observatoire.svg,1200,630
14-observatoire,linkedin-feed,jpg,marketing/social-visuals/linkedin/feed/jpg/14-observatoire.jpg,1200,627
14-observatoire,linkedin-feed,svg,marketing/social-visuals/linkedin/feed/svg/14-observatoire.svg,1200,627
14-observatoire,x-post,jpg,marketing/social-visuals/x/post/jpg/14-observatoire.jpg,1600,900
14-observatoire,x-post,svg,marketing/social-visuals/x/post/svg/14-observatoire.svg,1600,900
14-observatoire,tiktok-cover,jpg,marketing/social-visuals/tiktok/cover/jpg/14-observatoire.jpg,1080,1920
14-observatoire,tiktok-cover,svg,marketing/social-visuals/tiktok/cover/svg/14-observatoire.svg,1080,1920
14-observatoire,meta-ads-square,jpg,marketing/social-visuals/meta-ads/square/jpg/14-observatoire.jpg,1080,1080
14-observatoire,meta-ads-square,svg,marketing/social-visuals/meta-ads/square/svg/14-observatoire.svg,1080,1080
14-observatoire,meta-ads-story,jpg,marketing/social-visuals/meta-ads/story/jpg/14-observatoire.jpg,1080,1920
14-observatoire,meta-ads-story,svg,marketing/social-visuals/meta-ads/story/svg/14-observatoire.svg,1080,1920
14-observatoire,instagram-carousel,jpg,marketing/social-visuals/instagram/carousel/14-observatoire/jpg/slide-01.jpg,1080,1080
14-observatoire,instagram-carousel,svg,marketing/social-visuals/instagram/carousel/14-observatoire/svg/slide-01.svg,1080,1080
14-observatoire,instagram-carousel,jpg,marketing/social-visuals/instagram/carousel/14-observatoire/jpg/slide-02.jpg,1080,1080
14-observatoire,instagram-carousel,svg,marketing/social-visuals/instagram/carousel/14-observatoire/svg/slide-02.svg,1080,1080
14-observatoire,instagram-carousel,jpg,marketing/social-visuals/instagram/carousel/14-observatoire/jpg/slide-03.jpg,1080,1080
14-observatoire,instagram-carousel,svg,marketing/social-visuals/instagram/carousel/14-observatoire/svg/slide-03.svg,1080,1080
15-methode-tvf,instagram-post,jpg,marketing/social-visuals/instagram/post/jpg/15-methode-tvf.jpg,1080,1080
15-methode-tvf,instagram-post,svg,marketing/social-visuals/instagram/post/svg/15-methode-tvf.svg,1080,1080
15-methode-tvf,instagram-story,jpg,marketing/social-visuals/instagram/story/jpg/15-methode-tvf.jpg,1080,1920
15-methode-tvf,instagram-story,svg,marketing/social-visuals/instagram/story/svg/15-methode-tvf.svg,1080,1920
15-methode-tvf,instagram-reel-cover,jpg,marketing/social-visuals/instagram/reel-cover/jpg/15-methode-tvf.jpg,1080,1920
15-methode-tvf,instagram-reel-cover,svg,marketing/social-visuals/instagram/reel-cover/svg/15-methode-tvf.svg,1080,1920
15-methode-tvf,facebook-feed,jpg,marketing/social-visuals/facebook/feed/jpg/15-methode-tvf.jpg,1200,630
15-methode-tvf,facebook-feed,svg,marketing/social-visuals/facebook/feed/svg/15-methode-tvf.svg,1200,630
15-methode-tvf,linkedin-feed,jpg,marketing/social-visuals/linkedin/feed/jpg/15-methode-tvf.jpg,1200,627
15-methode-tvf,linkedin-feed,svg,marketing/social-visuals/linkedin/feed/svg/15-methode-tvf.svg,1200,627
15-methode-tvf,x-post,jpg,marketing/social-visuals/x/post/jpg/15-methode-tvf.jpg,1600,900
15-methode-tvf,x-post,svg,marketing/social-visuals/x/post/svg/15-methode-tvf.svg,1600,900
15-methode-tvf,tiktok-cover,jpg,marketing/social-visuals/tiktok/cover/jpg/15-methode-tvf.jpg,1080,1920
15-methode-tvf,tiktok-cover,svg,marketing/social-visuals/tiktok/cover/svg/15-methode-tvf.svg,1080,1920
15-methode-tvf,meta-ads-square,jpg,marketing/social-visuals/meta-ads/square/jpg/15-methode-tvf.jpg,1080,1080
15-methode-tvf,meta-ads-square,svg,marketing/social-visuals/meta-ads/square/svg/15-methode-tvf.svg,1080,1080
15-methode-tvf,meta-ads-story,jpg,marketing/social-visuals/meta-ads/story/jpg/15-methode-tvf.jpg,1080,1920
15-methode-tvf,meta-ads-story,svg,marketing/social-visuals/meta-ads/story/svg/15-methode-tvf.svg,1080,1920
15-methode-tvf,instagram-carousel,jpg,marketing/social-visuals/instagram/carousel/15-methode-tvf/jpg/slide-01.jpg,1080,1080
15-methode-tvf,instagram-carousel,svg,marketing/social-visuals/instagram/carousel/15-methode-tvf/svg/slide-01.svg,1080,1080
15-methode-tvf,instagram-carousel,jpg,marketing/social-visuals/instagram/carousel/15-methode-tvf/jpg/slide-02.jpg,1080,1080
15-methode-tvf,instagram-carousel,svg,marketing/social-visuals/instagram/carousel/15-methode-tvf/svg/slide-02.svg,1080,1080
15-methode-tvf,instagram-carousel,jpg,marketing/social-visuals/instagram/carousel/15-methode-tvf/jpg/slide-03.jpg,1080,1080
15-methode-tvf,instagram-carousel,svg,marketing/social-visuals/instagram/carousel/15-methode-tvf/svg/slide-03.svg,1080,1080
16-financer-projets,instagram-post,jpg,marketing/social-visuals/instagram/post/jpg/16-financer-projets.jpg,1080,1080
16-financer-projets,instagram-post,svg,marketing/social-visuals/instagram/post/svg/16-financer-projets.svg,1080,1080
16-financer-projets,instagram-story,jpg,marketing/social-visuals/instagram/story/jpg/16-financer-projets.jpg,1080,1920
16-financer-projets,instagram-story,svg,marketing/social-visuals/instagram/story/svg/16-financer-projets.svg,1080,1920
16-financer-projets,instagram-reel-cover,jpg,marketing/social-visuals/instagram/reel-cover/jpg/16-financer-projets.jpg,1080,1920
16-financer-projets,instagram-reel-cover,svg,marketing/social-visuals/instagram/reel-cover/svg/16-financer-projets.svg,1080,1920
16-financer-projets,facebook-feed,jpg,marketing/social-visuals/facebook/feed/jpg/16-financer-projets.jpg,1200,630
16-financer-projets,facebook-feed,svg,marketing/social-visuals/facebook/feed/svg/16-financer-projets.svg,1200,630
16-financer-projets,linkedin-feed,jpg,marketing/social-visuals/linkedin/feed/jpg/16-financer-projets.jpg,1200,627
16-financer-projets,linkedin-feed,svg,marketing/social-visuals/linkedin/feed/svg/16-financer-projets.svg,1200,627
16-financer-projets,x-post,jpg,marketing/social-visuals/x/post/jpg/16-financer-projets.jpg,1600,900
16-financer-projets,x-post,svg,marketing/social-visuals/x/post/svg/16-financer-projets.svg,1600,900
16-financer-projets,tiktok-cover,jpg,marketing/social-visuals/tiktok/cover/jpg/16-financer-projets.jpg,1080,1920
16-financer-projets,tiktok-cover,svg,marketing/social-visuals/tiktok/cover/svg/16-financer-projets.svg,1080,1920
16-financer-projets,meta-ads-square,jpg,marketing/social-visuals/meta-ads/square/jpg/16-financer-projets.jpg,1080,1080
16-financer-projets,meta-ads-square,svg,marketing/social-visuals/meta-ads/square/svg/16-financer-projets.svg,1080,1080
16-financer-projets,meta-ads-story,jpg,marketing/social-visuals/meta-ads/story/jpg/16-financer-projets.jpg,1080,1920
16-financer-projets,meta-ads-story,svg,marketing/social-visuals/meta-ads/story/svg/16-financer-projets.svg,1080,1920
16-financer-projets,instagram-carousel,jpg,marketing/social-visuals/instagram/carousel/16-financer-projets/jpg/slide-01.jpg,1080,1080
16-financer-projets,instagram-carousel,svg,marketing/social-visuals/instagram/carousel/16-financer-projets/svg/slide-01.svg,1080,1080
16-financer-projets,instagram-carousel,jpg,marketing/social-visuals/instagram/carousel/16-financer-projets/jpg/slide-02.jpg,1080,1080
16-financer-projets,instagram-carousel,svg,marketing/social-visuals/instagram/carousel/16-financer-projets/svg/slide-02.svg,1080,1080
16-financer-projets,instagram-carousel,jpg,marketing/social-visuals/instagram/carousel/16-financer-projets/jpg/slide-03.jpg,1080,1080
16-financer-projets,instagram-carousel,svg,marketing/social-visuals/instagram/carousel/16-financer-projets/svg/slide-03.svg,1080,1080
17-documents-conventions,instagram-post,jpg,marketing/social-visuals/instagram/post/jpg/17-documents-conventions.jpg,1080,1080
17-documents-conventions,instagram-post,svg,marketing/social-visuals/instagram/post/svg/17-documents-conventions.svg,1080,1080
17-documents-conventions,instagram-story,jpg,marketing/social-visuals/instagram/story/jpg/17-documents-conventions.jpg,1080,1920
17-documents-conventions,instagram-story,svg,marketing/social-visuals/instagram/story/svg/17-documents-conventions.svg,1080,1920
17-documents-conventions,instagram-reel-cover,jpg,marketing/social-visuals/instagram/reel-cover/jpg/17-documents-conventions.jpg,1080,1920
17-documents-conventions,instagram-reel-cover,svg,marketing/social-visuals/instagram/reel-cover/svg/17-documents-conventions.svg,1080,1920
17-documents-conventions,facebook-feed,jpg,marketing/social-visuals/facebook/feed/jpg/17-documents-conventions.jpg,1200,630
17-documents-conventions,facebook-feed,svg,marketing/social-visuals/facebook/feed/svg/17-documents-conventions.svg,1200,630
17-documents-conventions,linkedin-feed,jpg,marketing/social-visuals/linkedin/feed/jpg/17-documents-conventions.jpg,1200,627
17-documents-conventions,linkedin-feed,svg,marketing/social-visuals/linkedin/feed/svg/17-documents-conventions.svg,1200,627
17-documents-conventions,x-post,jpg,marketing/social-visuals/x/post/jpg/17-documents-conventions.jpg,1600,900
17-documents-conventions,x-post,svg,marketing/social-visuals/x/post/svg/17-documents-conventions.svg,1600,900
17-documents-conventions,tiktok-cover,jpg,marketing/social-visuals/tiktok/cover/jpg/17-documents-conventions.jpg,1080,1920
17-documents-conventions,tiktok-cover,svg,marketing/social-visuals/tiktok/cover/svg/17-documents-conventions.svg,1080,1920
17-documents-conventions,meta-ads-square,jpg,marketing/social-visuals/meta-ads/square/jpg/17-documents-conventions.jpg,1080,1080
17-documents-conventions,meta-ads-square,svg,marketing/social-visuals/meta-ads/square/svg/17-documents-conventions.svg,1080,1080
17-documents-conventions,meta-ads-story,jpg,marketing/social-visuals/meta-ads/story/jpg/17-documents-conventions.jpg,1080,1920
17-documents-conventions,meta-ads-story,svg,marketing/social-visuals/meta-ads/story/svg/17-documents-conventions.svg,1080,1920
17-documents-conventions,instagram-carousel,jpg,marketing/social-visuals/instagram/carousel/17-documents-conventions/jpg/slide-01.jpg,1080,1080
17-documents-conventions,instagram-carousel,svg,marketing/social-visuals/instagram/carousel/17-documents-conventions/svg/slide-01.svg,1080,1080
17-documents-conventions,instagram-carousel,jpg,marketing/social-visuals/instagram/carousel/17-documents-conventions/jpg/slide-02.jpg,1080,1080
17-documents-conventions,instagram-carousel,svg,marketing/social-visuals/instagram/carousel/17-documents-conventions/svg/slide-02.svg,1080,1080
17-documents-conventions,instagram-carousel,jpg,marketing/social-visuals/instagram/carousel/17-documents-conventions/jpg/slide-03.jpg,1080,1080
17-documents-conventions,instagram-carousel,svg,marketing/social-visuals/instagram/carousel/17-documents-conventions/svg/slide-03.svg,1080,1080
18-antennes-locales,instagram-post,jpg,marketing/social-visuals/instagram/post/jpg/18-antennes-locales.jpg,1080,1080
18-antennes-locales,instagram-post,svg,marketing/social-visuals/instagram/post/svg/18-antennes-locales.svg,1080,1080
18-antennes-locales,instagram-story,jpg,marketing/social-visuals/instagram/story/jpg/18-antennes-locales.jpg,1080,1920
18-antennes-locales,instagram-story,svg,marketing/social-visuals/instagram/story/svg/18-antennes-locales.svg,1080,1920
18-antennes-locales,instagram-reel-cover,jpg,marketing/social-visuals/instagram/reel-cover/jpg/18-antennes-locales.jpg,1080,1920
18-antennes-locales,instagram-reel-cover,svg,marketing/social-visuals/instagram/reel-cover/svg/18-antennes-locales.svg,1080,1920
18-antennes-locales,facebook-feed,jpg,marketing/social-visuals/facebook/feed/jpg/18-antennes-locales.jpg,1200,630
18-antennes-locales,facebook-feed,svg,marketing/social-visuals/facebook/feed/svg/18-antennes-locales.svg,1200,630
18-antennes-locales,linkedin-feed,jpg,marketing/social-visuals/linkedin/feed/jpg/18-antennes-locales.jpg,1200,627
18-antennes-locales,linkedin-feed,svg,marketing/social-visuals/linkedin/feed/svg/18-antennes-locales.svg,1200,627
18-antennes-locales,x-post,jpg,marketing/social-visuals/x/post/jpg/18-antennes-locales.jpg,1600,900
18-antennes-locales,x-post,svg,marketing/social-visuals/x/post/svg/18-antennes-locales.svg,1600,900
18-antennes-locales,tiktok-cover,jpg,marketing/social-visuals/tiktok/cover/jpg/18-antennes-locales.jpg,1080,1920
18-antennes-locales,tiktok-cover,svg,marketing/social-visuals/tiktok/cover/svg/18-antennes-locales.svg,1080,1920
18-antennes-locales,meta-ads-square,jpg,marketing/social-visuals/meta-ads/square/jpg/18-antennes-locales.jpg,1080,1080
18-antennes-locales,meta-ads-square,svg,marketing/social-visuals/meta-ads/square/svg/18-antennes-locales.svg,1080,1080
18-antennes-locales,meta-ads-story,jpg,marketing/social-visuals/meta-ads/story/jpg/18-antennes-locales.jpg,1080,1920
18-antennes-locales,meta-ads-story,svg,marketing/social-visuals/meta-ads/story/svg/18-antennes-locales.svg,1080,1920
18-antennes-locales,instagram-carousel,jpg,marketing/social-visuals/instagram/carousel/18-antennes-locales/jpg/slide-01.jpg,1080,1080
18-antennes-locales,instagram-carousel,svg,marketing/social-visuals/instagram/carousel/18-antennes-locales/svg/slide-01.svg,1080,1080
18-antennes-locales,instagram-carousel,jpg,marketing/social-visuals/instagram/carousel/18-antennes-locales/jpg/slide-02.jpg,1080,1080
18-antennes-locales,instagram-carousel,svg,marketing/social-visuals/instagram/carousel/18-antennes-locales/svg/slide-02.svg,1080,1080
18-antennes-locales,instagram-carousel,jpg,marketing/social-visuals/instagram/carousel/18-antennes-locales/jpg/slide-03.jpg,1080,1080
18-antennes-locales,instagram-carousel,svg,marketing/social-visuals/instagram/carousel/18-antennes-locales/svg/slide-03.svg,1080,1080
19-vision-2035,instagram-post,jpg,marketing/social-visuals/instagram/post/jpg/19-vision-2035.jpg,1080,1080
19-vision-2035,instagram-post,svg,marketing/social-visuals/instagram/post/svg/19-vision-2035.svg,1080,1080
19-vision-2035,instagram-story,jpg,marketing/social-visuals/instagram/story/jpg/19-vision-2035.jpg,1080,1920
19-vision-2035,instagram-story,svg,marketing/social-visuals/instagram/story/svg/19-vision-2035.svg,1080,1920
19-vision-2035,instagram-reel-cover,jpg,marketing/social-visuals/instagram/reel-cover/jpg/19-vision-2035.jpg,1080,1920
19-vision-2035,instagram-reel-cover,svg,marketing/social-visuals/instagram/reel-cover/svg/19-vision-2035.svg,1080,1920
19-vision-2035,facebook-feed,jpg,marketing/social-visuals/facebook/feed/jpg/19-vision-2035.jpg,1200,630
19-vision-2035,facebook-feed,svg,marketing/social-visuals/facebook/feed/svg/19-vision-2035.svg,1200,630
19-vision-2035,linkedin-feed,jpg,marketing/social-visuals/linkedin/feed/jpg/19-vision-2035.jpg,1200,627
19-vision-2035,linkedin-feed,svg,marketing/social-visuals/linkedin/feed/svg/19-vision-2035.svg,1200,627
19-vision-2035,x-post,jpg,marketing/social-visuals/x/post/jpg/19-vision-2035.jpg,1600,900
19-vision-2035,x-post,svg,marketing/social-visuals/x/post/svg/19-vision-2035.svg,1600,900
19-vision-2035,tiktok-cover,jpg,marketing/social-visuals/tiktok/cover/jpg/19-vision-2035.jpg,1080,1920
19-vision-2035,tiktok-cover,svg,marketing/social-visuals/tiktok/cover/svg/19-vision-2035.svg,1080,1920
19-vision-2035,meta-ads-square,jpg,marketing/social-visuals/meta-ads/square/jpg/19-vision-2035.jpg,1080,1080
19-vision-2035,meta-ads-square,svg,marketing/social-visuals/meta-ads/square/svg/19-vision-2035.svg,1080,1080
19-vision-2035,meta-ads-story,jpg,marketing/social-visuals/meta-ads/story/jpg/19-vision-2035.jpg,1080,1920
19-vision-2035,meta-ads-story,svg,marketing/social-visuals/meta-ads/story/svg/19-vision-2035.svg,1080,1920
19-vision-2035,instagram-carousel,jpg,marketing/social-visuals/instagram/carousel/19-vision-2035/jpg/slide-01.jpg,1080,1080
19-vision-2035,instagram-carousel,svg,marketing/social-visuals/instagram/carousel/19-vision-2035/svg/slide-01.svg,1080,1080
19-vision-2035,instagram-carousel,jpg,marketing/social-visuals/instagram/carousel/19-vision-2035/jpg/slide-02.jpg,1080,1080
19-vision-2035,instagram-carousel,svg,marketing/social-visuals/instagram/carousel/19-vision-2035/svg/slide-02.svg,1080,1080
19-vision-2035,instagram-carousel,jpg,marketing/social-visuals/instagram/carousel/19-vision-2035/jpg/slide-03.jpg,1080,1080
19-vision-2035,instagram-carousel,svg,marketing/social-visuals/instagram/carousel/19-vision-2035/svg/slide-03.svg,1080,1080
20-appel-general,instagram-post,jpg,marketing/social-visuals/instagram/post/jpg/20-appel-general.jpg,1080,1080
20-appel-general,instagram-post,svg,marketing/social-visuals/instagram/post/svg/20-appel-general.svg,1080,1080
20-appel-general,instagram-story,jpg,marketing/social-visuals/instagram/story/jpg/20-appel-general.jpg,1080,1920
20-appel-general,instagram-story,svg,marketing/social-visuals/instagram/story/svg/20-appel-general.svg,1080,1920
20-appel-general,instagram-reel-cover,jpg,marketing/social-visuals/instagram/reel-cover/jpg/20-appel-general.jpg,1080,1920
20-appel-general,instagram-reel-cover,svg,marketing/social-visuals/instagram/reel-cover/svg/20-appel-general.svg,1080,1920
20-appel-general,facebook-feed,jpg,marketing/social-visuals/facebook/feed/jpg/20-appel-general.jpg,1200,630
20-appel-general,facebook-feed,svg,marketing/social-visuals/facebook/feed/svg/20-appel-general.svg,1200,630
20-appel-general,linkedin-feed,jpg,marketing/social-visuals/linkedin/feed/jpg/20-appel-general.jpg,1200,627
20-appel-general,linkedin-feed,svg,marketing/social-visuals/linkedin/feed/svg/20-appel-general.svg,1200,627
20-appel-general,x-post,jpg,marketing/social-visuals/x/post/jpg/20-appel-general.jpg,1600,900
20-appel-general,x-post,svg,marketing/social-visuals/x/post/svg/20-appel-general.svg,1600,900
20-appel-general,tiktok-cover,jpg,marketing/social-visuals/tiktok/cover/jpg/20-appel-general.jpg,1080,1920
20-appel-general,tiktok-cover,svg,marketing/social-visuals/tiktok/cover/svg/20-appel-general.svg,1080,1920
20-appel-general,meta-ads-square,jpg,marketing/social-visuals/meta-ads/square/jpg/20-appel-general.jpg,1080,1080
20-appel-general,meta-ads-square,svg,marketing/social-visuals/meta-ads/square/svg/20-appel-general.svg,1080,1080
20-appel-general,meta-ads-story,jpg,marketing/social-visuals/meta-ads/story/jpg/20-appel-general.jpg,1080,1920
20-appel-general,meta-ads-story,svg,marketing/social-visuals/meta-ads/story/svg/20-appel-general.svg,1080,1920
20-appel-general,instagram-carousel,jpg,marketing/social-visuals/instagram/carousel/20-appel-general/jpg/slide-01.jpg,1080,1080
20-appel-general,instagram-carousel,svg,marketing/social-visuals/instagram/carousel/20-appel-general/svg/slide-01.svg,1080,1080
20-appel-general,instagram-carousel,jpg,marketing/social-visuals/instagram/carousel/20-appel-general/jpg/slide-02.jpg,1080,1080
20-appel-general,instagram-carousel,svg,marketing/social-visuals/instagram/carousel/20-appel-general/svg/slide-02.svg,1080,1080
20-appel-general,instagram-carousel,jpg,marketing/social-visuals/instagram/carousel/20-appel-general/jpg/slide-03.jpg,1080,1080
20-appel-general,instagram-carousel,svg,marketing/social-visuals/instagram/carousel/20-appel-general/svg/slide-03.svg,1080,1080
